DRG Code,DRG Name/Description,Medical Specialty,Body System,Severity Level,Procedure Type,Cost Tier
003,ECMO or Tracheostomy with MV >96 Hours,Neurosurgery,Nervous System,Severe,Surgical,Very High
039,Extracranial Procedures,Otolaryngology,Ear Nose & Throat,Moderate,Surgical,High
057,Degenerative Nervous System Disorders with MCC,Neurology,Nervous System,Major,Medical,High
064,Intracranial Hemorrhage or Cerebral Infarction with MCC,Neurology,Nervous System,Minor,Medical,Medium
065,Intracranial Hemorrhage or Cerebral Infarction with CC,Neurology,Nervous System,Minor,Medical,Medium
066,Intracranial Hemorrhage or Cerebral Infarction without CC/MCC,Neurology,Nervous System,Minor,Medical,Medium
069,Transient Ischemia with MCC,Neurology,Nervous System,Major,Medical,High
074,Cranial and Peripheral Nerve Disorders,Ophthalmology,Eye,Moderate,Surgical,Medium
177,Respiratory Infections & Inflammations with MCC,Gastroenterology,Digestive System,Major,Medical,High
189,Pulmonary Edema & Respiratory Failure,Pulmonology,Respiratory System,Major,Medical,High
190,COPD with MCC,Pulmonology,Respiratory System,Moderate,Medical,High
191,COPD with CC,Pulmonology,Respiratory System,Minor,Medical,Medium
192,COPD without CC/MCC,Pulmonology,Respiratory System,Moderate,Medical,Medium
193,Simple Pneumonia & Pleurisy with MCC,Pulmonology,Respiratory System,Minor,Medical,Low
194,Simple Pneumonia & Pleurisy with CC,Pulmonology,Respiratory System,Minor,Medical,Low
195,Simple Pneumonia & Pleurisy without CC/MCC,Pulmonology,Respiratory System,Minor,Medical,Low
203,Bronchitis & Asthma with MCC,Pulmonology,Respiratory System,Minor,Medical,Low
207,Respiratory System Diagnosis with Ventilator Support,Pulmonology,Respiratory System,Major,Medical,High
208,Respiratory System Diagnosis with Ventilator Support <96 Hours,Pulmonology,Respiratory System,Moderate,Medical,Medium
216,Cardiac Valve Procedures with Cardiac Catheterization,Cardiac Surgery,Circulatory System,Severe,Surgical,Very High
218,Cardiac Valve Procedures without Cardiac Catheterization with MCC,Cardiac Surgery,Circulatory System,Major,Surgical,Very High
219,Cardiac Valve Procedures without Cardiac Catheterization with CC,Cardiac Surgery,Circulatory System,Severe,Surgical,Very High
220,Cardiac Valve Procedures without Cardiac Catheterization without CC/MCC,Cardiac Surgery,Circulatory System,Major,Surgical,Very High
221,Cardiac Defibrillator Implant with Cardiac Catheterization with MCC,Cardiac Surgery,Circulatory System,Moderate,Surgical,High
222,Cardiac Defibrillator Implant with Cardiac Catheterization without MCC,Cardiac Surgery,Circulatory System,Minor,Surgical,High
223,Cardiac Defibrillator Implant without Cardiac Catheterization with MCC,Cardiac Surgery,Circulatory System,Major,Surgical,Very High
224,Cardiac Defibrillator Implant without Cardiac Catheterization without MCC,Cardiac Surgery,Circulatory System,Moderate,Surgical,High
225,Cardiac Pacemaker Revision Except Device Replacement with MCC,Cardiac Surgery,Circulatory System,Minor,Surgical,High
226,Cardiac Pacemaker Revision Except Device Replacement with CC,Cardiac Surgery,Circulatory System,Major,Surgical,Very High
227,Cardiac Pacemaker Revision Except Device Replacement without CC/MCC,Cardiac Surgery,Circulatory System,Moderate,Surgical,High
228,Other Cardiothoracic Procedures with MCC,Cardiac Surgery,Circulatory System,Minor,Surgical,High
229,Other Cardiothoracic Procedures with CC,Cardiac Surgery,Circulatory System,Major,Surgical,Very High
230,Other Cardiothoracic Procedures without CC/MCC,Cardiac Surgery,Circulatory System,Moderate,Surgical,High
231,Coronary Bypass with PTCA with MCC,Cardiac Surgery,Circulatory System,Minor,Surgical,High
232,Coronary Bypass with PTCA without MCC,Cardiac Surgery,Circulatory System,Major,Surgical,High
233,Coronary Bypass with Cardiac Catheterization with MCC,Cardiology,Circulatory System,Moderate,Surgical,Medium
234,Coronary Bypass with Cardiac Catheterization without MCC,Cardiology,Circulatory System,Minor,Surgical,Medium
235,Coronary Bypass without Cardiac Catheterization with MCC,Cardiology,Circulatory System,Major,Surgical,High
236,Coronary Bypass without Cardiac Catheterization without MCC,Cardiology,Circulatory System,Moderate,Surgical,Medium
237,Major Cardiovascular Procedures with MCC,Cardiology,Circulatory System,Minor,Surgical,Medium
238,Major Cardiovascular Procedures without MCC,Cardiology,Circulatory System,Major,Surgical,High
239,Amputation for Circulatory System Disorders with MCC,Cardiology,Circulatory System,Moderate,Surgical,Medium
240,Amputation for Circulatory System Disorders with CC,Cardiology,Circulatory System,Minor,Surgical,Medium
241,Amputation for Circulatory System Disorders without CC/MCC,Cardiology,Circulatory System,Major,Surgical,High
242,Permanent Cardiac Pacemaker Implant with MCC,Cardiology,Circulatory System,Moderate,Surgical,Medium
243,Permanent Cardiac Pacemaker Implant with CC,Cardiology,Circulatory System,Minor,Surgical,Medium
244,Permanent Cardiac Pacemaker Implant without CC/MCC,Cardiology,Circulatory System,Major,Surgical,High
245,AICD Generator Procedures,Cardiology,Circulatory System,Moderate,Surgical,Medium
246,Percutaneous Cardiovascular Procedures with Drug-Eluting Stent with MCC,Cardiology,Circulatory System,Minor,Surgical,Medium
247,Percutaneous Cardiovascular Procedures with Drug-Eluting Stent without MCC,Vascular Surgery,Circulatory System,Major,Surgical,Very High
248,Percutaneous Cardiovascular Procedures with Non-Drug-Eluting Stent with MCC,Vascular Surgery,Circulatory System,Moderate,Surgical,High
249,Percutaneous Cardiovascular Procedures with Non-Drug-Eluting Stent without MCC,Vascular Surgery,Circulatory System,Minor,Surgical,High
250,Percutaneous Cardiovascular Procedures without Coronary Artery Stent with MCC,Vascular Surgery,Circulatory System,Major,Surgical,Very High
251,Percutaneous Cardiovascular Procedures without Coronary Artery Stent without MCC,Vascular Surgery,Circulatory System,Moderate,Surgical,High
252,Other Vascular Procedures with MCC,Vascular Surgery,Circulatory System,Minor,Surgical,High
253,Other Vascular Procedures with CC,Vascular Surgery,Circulatory System,Major,Surgical,Very High
254,Other Vascular Procedures without CC/MCC,Vascular Surgery,Circulatory System,Moderate,Surgical,High
280,Acute Myocardial Infarction Discharged Alive with MCC,Cardiology,Circulatory System,Major,Medical,High
281,Acute Myocardial Infarction Discharged Alive with CC,Cardiology,Circulatory System,Moderate,Medical,Medium
282,Acute Myocardial Infarction Discharged Alive without CC/MCC,Cardiology,Circulatory System,Minor,Medical,Medium
286,Circulatory Disorders Except AMI with Cardiac Catheterization with MCC,Cardiology,Circulatory System,Major,Medical,High
287,Circulatory Disorders Except AMI with Cardiac Catheterization without MCC,Cardiology,Circulatory System,Moderate,Medical,Medium
291,Heart Failure & Shock with MCC,Cardiology,Circulatory System,Major,Medical,High
292,Heart Failure & Shock with CC,Cardiology,Circulatory System,Moderate,Medical,Medium
293,Heart Failure & Shock without CC/MCC,Cardiology,Circulatory System,Minor,Medical,Low
300,Peripheral Vascular Disorders with MCC,Vascular Medicine,Circulatory System,Major,Medical,High
301,Peripheral Vascular Disorders with CC,Vascular Medicine,Circulatory System,Moderate,Medical,Medium
302,Peripheral Vascular Disorders without CC/MCC,Vascular Medicine,Circulatory System,Minor,Medical,Medium
303,Atherosclerosis with MCC,Vascular Medicine,Circulatory System,Major,Medical,High
304,Atherosclerosis without MCC,Vascular Medicine,Circulatory System,Moderate,Medical,Medium
305,Hypertension with MCC,Vascular Medicine,Circulatory System,Minor,Medical,Medium
306,Hypertension without MCC,Vascular Medicine,Circulatory System,Major,Medical,High
307,Cardiac Congenital & Valvular Disorders with MCC,Vascular Medicine,Circulatory System,Moderate,Medical,Medium
308,Cardiac Arrest Unexplained,Cardiac Surgery,Circulatory System,Severe,Surgical,Very High
309,Cardiac Arrhythmia & Conduction Disorders with MCC,Cardiac Surgery,Circulatory System,Major,Surgical,Very High
310,Cardiac Arrhythmia & Conduction Disorders with CC,Cardiac Surgery,Circulatory System,Moderate,Surgical,High
311,Cardiac Arrhythmia & Conduction Disorders without CC/MCC,Cardiology,Circulatory System,Major,Medical,High
312,Syncope & Collapse,Cardiology,Circulatory System,Moderate,Medical,Medium
313,Chest Pain,Cardiology,Circulatory System,Minor,Medical,Low
314,Other Circulatory System Diagnoses with MCC,Cardiology,Circulatory System,Major,Medical,Medium
315,Other Circulatory System Diagnoses with CC,Cardiology,Circulatory System,Moderate,Medical,Medium
326,Stomach Esophageal & Duodenal Procedures with MCC,Cardiac Surgery,Circulatory System,Major,Surgical,Very High
327,Stomach Esophageal & Duodenal Procedures with CC,Cardiac Surgery,Circulatory System,Moderate,Surgical,High
328,Stomach Esophageal & Duodenal Procedures without CC/MCC,Cardiac Surgery,Circulatory System,Minor,Surgical,High
329,Major Small & Large Bowel Procedures with MCC,Cardiology,Circulatory System,Major,Medical,High
330,Major Small & Large Bowel Procedures with CC,Cardiology,Circulatory System,Moderate,Medical,Medium
377,GI Hemorrhage with MCC,General Surgery,Digestive System,Major,Surgical,High
378,GI Hemorrhage with CC,General Surgery,Digestive System,Moderate,Surgical,Medium
379,GI Hemorrhage without CC/MCC,General Surgery,Digestive System,Minor,Surgical,Medium
380,Complicated Peptic Ulcer with MCC,General Surgery,Digestive System,Major,Surgical,High
381,Complicated Peptic Ulcer with CC,General Surgery,Digestive System,Moderate,Surgical,Medium
382,Complicated Peptic Ulcer without CC/MCC,General Surgery,Digestive System,Minor,Surgical,Medium
392,Esophagitis Gastroenteritis & Miscellaneous Digestive Disorders with MCC,Gastroenterology,Digestive System,Major,Medical,High
432,Major Joint Replacement or Reattachment of Lower Extremity with MCC,Orthopedic Surgery,Musculoskeletal System,Major,Surgical,Very High
433,Major Joint Replacement or Reattachment of Lower Extremity without MCC,Orthopedic Surgery,Musculoskeletal System,Moderate,Surgical,High
439,Disorders of Pancreas Except Malignancy with MCC,Orthopedic Surgery,Musculoskeletal System,Major,Surgical,High
460,Spinal Fusion Except Cervical with MCC,Orthopedic Surgery,Musculoskeletal System,Major,Surgical,Very High
461,Spinal Fusion Except Cervical without MCC,Orthopedic Surgery,Musculoskeletal System,Moderate,Surgical,High
462,Spinal Fusion Except Cervical without CC/MCC,Orthopedic Surgery,Musculoskeletal System,Minor,Surgical,High
463,Wound Debridement & Skin Graft Except Hand for Musculoskeletal & Connective Tissue Disorders with MCC,Orthopedic Surgery,Musculoskeletal System,Major,Surgical,Very High
464,Wound Debridement & Skin Graft Except Hand for Musculoskeletal & Connective Tissue Disorders with CC,Orthopedic Surgery,Musculoskeletal System,Moderate,Surgical,High
465,Wound Debridement & Skin Graft Except Hand for Musculoskeletal & Connective Tissue Disorders without CC/MCC,Orthopedic Surgery,Musculoskeletal System,Minor,Surgical,High
466,Revision of Hip or Knee Replacement with MCC,Orthopedic Surgery,Musculoskeletal System,Major,Surgical,High
467,Revision of Hip or Knee Replacement with CC,Orthopedic Surgery,Musculoskeletal System,Moderate,Surgical,Medium
468,Revision of Hip or Knee Replacement without CC/MCC,Orthopedic Surgery,Musculoskeletal System,Minor,Surgical,Medium
469,Major Joint Replacement or Reattachment of Lower Extremity with MCC or Total Ankle Replacement,Orthopedic Surgery,Musculoskeletal System,Major,Surgical,High
470,Major Joint Replacement or Reattachment of Lower Extremity without MCC,Orthopedic Surgery,Musculoskeletal System,Moderate,Surgical,Medium
471,Cervical Spinal Fusion with MCC,Orthopedic Surgery,Musculoskeletal System,Minor,Surgical,Medium
480,Hip & Femur Procedures Except Major Joint with MCC,Orthopedic Surgery,Musculoskeletal System,Major,Surgical,Very High
481,Hip & Femur Procedures Except Major Joint with CC,Orthopedic Surgery,Musculoskeletal System,Moderate,Surgical,High
482,Hip & Femur Procedures Except Major Joint without CC/MCC,Orthopedic Surgery,Musculoskeletal System,Minor,Surgical,High
552,Medical Back Problems with MCC,Urology,Urinary System,Major,Surgical,High
603,Cellulitis with MCC,Nephrology,Urinary System,Major,Medical,High
683,Renal Failure with MCC,Obstetrics,Female Reproductive,Minor,Medical,Medium
690,Kidney & Urinary Tract Infections with MCC,Nephrology,Urinary System,Major,Medical,High
691,Kidney & Urinary Tract Infections without MCC,Nephrology,Urinary System,Moderate,Medical,Medium
743,Uterine & Adnexa Procedures for Non-Malignancy with CC/MCC,Urology,Urinary System,Major,Surgical,High
765,Cesarean Section with CC/MCC,Obstetrics,Female Reproductive,Minor,Medical,Low
766,Cesarean Section without CC/MCC,Obstetrics,Female Reproductive,Minor,Medical,Low
774,Vaginal Delivery with Complicating Diagnoses,Obstetrics,Female Reproductive,Minor,Medical,Low
775,Vaginal Delivery without Complicating Diagnoses,Obstetrics,Female Reproductive,Minor,Medical,Low
853,Infectious & Parasitic Diseases with O.R. Procedure with MCC,Infectious Disease,Multiple Systems,Major,Medical,High
871,Septicemia or Severe Sepsis with MV >96 Hours,Infectious Disease,Multiple Systems,Major,Medical,High
872,Septicemia or Severe Sepsis without MV >96 Hours with MCC,Infectious Disease,Multiple Systems,Moderate,Medical,Medium
897,Alcohol/Drug Abuse or Dependence with Rehabilitation Therapy,Substance Abuse,Behavioral Health,Major,Medical,High
945,Rehabilitation with CC/MCC,Critical Care,Multiple Systems,Severe,Medical,Very High
946,Rehabilitation without CC/MCC,Critical Care,Multiple Systems,Severe,Medical,Very High
947,Signs & Symptoms with MCC,Critical Care,Multiple Systems,Major,Medical,Very High
